{"month":{"0":"January","1":"February","2":"March","3":"April","4":"May","5":"June","6":"July","7":"August","8":"September","9":"October","10":"November","11":"December"},"water_consumption_tonnes":{"0":197423.4306597164,"1":217888.7971350976,"2":224005.5147511944,"3":247025.8976332542,"4":247848.979280927,"5":259418.9035922464,"6":242484.9331836851,"7":230008.392323183,"8":235226.9346756701,"9":214595.814768734,"10":192090.3990930069,"11":165878.5684368807},"energy_consumption_kWh":{"0":31273643.5610884577,"1":31285264.558228232,"2":31292680.3065691404,"3":31306530.56107039,"4":31329719.8801804893,"5":31333218.7042532489,"6":31327388.347337991,"7":31327087.5577993803,"8":31317990.0553630181,"9":31296319.4582848698,"10":31265842.293278262,"11":31233338.2718301043}}