{"month":{"0":"January","1":"February","2":"March","3":"April","4":"May","5":"June","6":"July","7":"August","8":"September","9":"October","10":"November","11":"December"},"water_consumption_tonnes":{"0":190193.7270298971,"1":211342.5742197078,"2":225915.1601750768,"3":235504.1761030495,"4":262015.5041163272,"5":249828.9630993842,"6":263843.455559086,"7":253826.9097989606,"8":232197.5887941792,"9":218498.1156201955,"10":179385.5317399212,"11":170339.1252391106},"energy_consumption_kWh":{"0":31275682.5831591524,"1":31293004.9795807004,"2":31309519.5171658844,"3":31313612.2180262282,"4":31335344.2200218923,"5":31325332.4710854515,"6":31338457.4292485155,"7":31324898.3372988552,"8":31296220.4075390436,"9":31292445.4472817667,"10":31266445.738907259,"11":31255939.2744713612}}